<?xml version="1.0" encoding="utf-8"?>
<modification>
	<name>find_zero_and_missing_images</name>
	<code>find_zero_and_missing_images</code>
	<version>1.0</version>
	<author>invays</author>
	<link>https://opencartmodul.ru</link>
	
	<file path="admin/model/catalog/product.php">
		<operation>
			<search><![CDATA[
				public function getTotalProductsByLayoutId($layout_id) {
			]]></search>
			<add position="before"><![CDATA[
				public function getmissingImages() {
					$missing_images = array();
					$missing_products = array();
					$missing_product_images = array();

					$sqls = array(
						"SELECT `product_image_id`, `product_id`, `image` FROM `" . DB_PREFIX . "product_image`;",
						"SELECT `product_id`, `image` FROM `" . DB_PREFIX . "product` WHERE `image` <> '';"
					);

					foreach ($sqls as $sql) {
						$query = $this->db->query($sql);

						foreach ($query->rows as $result) {
							$path = DIR_IMAGE . $result['image'];

							if ($path && !file_exists($path)) {
								$missing_images[] = $path;
								
								if (isset($result['product_image_id'])) {
									$missing_product_images[] = $result['product_image_id'];
								} else {
									$missing_products[] = $result['product_id'];
								}
							}
						}
					}

					$missing_images = array_unique($missing_images);
					$missing_products = array_unique($missing_products);
					$missing_product_images = array_unique($missing_product_images);

					return array('images' => $missing_images, 'products' => $missing_products, 'product_images' => $missing_product_images);
				}

				public function getZeroImages() {
					$zero_images = array();
					$zero_products = array();
					$zero_product_images = array();

					$sqls = array(
						"SELECT `product_image_id`, `product_id`, `image` FROM `" . DB_PREFIX . "product_image`;",
						"SELECT `product_id`, `image` FROM `" . DB_PREFIX . "product` WHERE `image` <> '';"
					);

					foreach ($sqls as $sql) {
						$query = $this->db->query($sql);

						foreach ($query->rows as $result) {
							$path = DIR_IMAGE . $result['image'];
								if ($path && (filesize($path) == 0)) {
									$zero_images[] = $path;
									
									if (isset($result['product_image_id'])) {
										$zero_product_images[] = $result['product_image_id'];
									} else {
										$zero_products[] = $result['product_id'];
									}
								}
						}
					}

					$zero_images = array_unique($zero_images);
					$zero_products = array_unique($zero_products);
					$zero_product_images = array_unique($zero_product_images);

					return array('images_zero' => $zero_images, 'products_zero' => $zero_products, 'product_images_zero' => $zero_product_images);
				}

				public function clearMissingImages($products, $product_images = null) {
					
					if (is_array($products) && count($products) > 0) {
						$query = $this->db->query("UPDATE `" . DB_PREFIX . "product` SET `image` = '' WHERE `product_id` IN (" . $this->db->escape(implode(', ', $products)) . ")");

						if ($product_images == null) {
							return true;
						}
					}
					
					if (is_array($product_images) && count($product_images) > 0) {
						$query = $this->db->query("DELETE FROM `" . DB_PREFIX . "product_image` WHERE `product_image_id` IN (" . $this->db->escape(implode(', ', $product_images)) . ")");

						return true;
					}
					

					return false;					
				}

				public function clearZeroImages($products_zero, $product_images_zero = null) {
					
					if (is_array($products_zero) && count($products_zero) > 0) {
						$query = $this->db->query("UPDATE `" . DB_PREFIX . "product` SET `image` = '' WHERE `product_id` IN (" . $this->db->escape(implode(', ', $products_zero)) . ")");

						if ($product_images_zero == null) {
							return true;
						}
					}
					
					
					if (is_array($product_images_zero) && count($product_images_zero) > 0) {
						$query = $this->db->query("DELETE FROM `" . DB_PREFIX . "product_image` WHERE `product_image_id` IN (" . $this->db->escape(implode(', ', $product_images_zero)) . ")");

						return true;
					}
					

					return false;					
				}

			]]></add>
		</operation>
	</file>

	<file path="admin/view/template/catalog/product_list.twig">
		<operation>
			<search><![CDATA[
				<button type="button" form="form-product" formaction="{{ delete }}" data-toggle="tooltip" title="{{ button_delete }}" class="btn btn-danger" onclick="confirm('{{ text_confirm }}') ? $('#form-product').submit() : false;"><i class="fa fa-trash-o"></i></button>
			]]></search>
			<add position="after"><![CDATA[
				<form action="{{ check_missing_product_images }}" method="post" enctype="multipart/form-data" id="form-check-missing-product-images" style="display: none;"></form>
				<button type="button" data-toggle="tooltip" title="{{ text_check_missing_product_images }}" class="btn btn-danger" onclick="$('#form-check-missing-product-images').submit()">{{ text_check_missing_product_images }}</button>
				<form action="{{ check_zero_product_images }}" method="post" enctype="multipart/form-data" id="form-check-zero-product-images" style="display: none;"></form>
				<button type="button" data-toggle="tooltip" title="{{ text_check_zero_product_images }}" class="btn btn-danger" onclick="$('#form-check-zero-product-images').submit()">{{ text_check_zero_product_images }}</button>
			]]></add>
		</operation>
		<operation>
			<search><![CDATA[
				{{ error_warning }}
			]]></search>
			<add position="after" offset="1"><![CDATA[
				{% if missing_images %}
					<br /><br />
					{{ text_check_missing_product_images_count }}<br />
					{{ text_check_missing_product_images_products_count }}<br />
					{{ text_check_missing_product_images_product_images_count }}
					<br /><br />
					{{ text_check_missing_product_images_list }}
					<br /><strong>
					{% for image in missing_images %}
						<br />{{ image }}
					{% endfor %}
					</strong><br /><br />
					<form action="{{ clear_missing_product_images }}" method="post" enctype="multipart/form-data" id="form-clear-missing-product-images" style="display: none;">
						<input type="text" name="missing_data[product_images]" value="{{ missing_product_images }}" hidden>
						<input type="text" name="missing_data[products]" value="{{ missing_products }}" hidden>
					</form>
					<button type="button" data-toggle="tooltip" title="{{ text_clear_missing_product_images }}" class="btn btn-danger" onclick="confirm('{{ text_confirm_command }}') ? $('#form-clear-missing-product-images').submit() : false;">{{ text_clear_missing_product_images }}</button>
				{% endif %}
				{% if zero_images %}
					<br /><br />
					{{ text_check_zero_product_images_count }}<br />
					{{ text_check_zero_product_images_products_count }}<br />
					{{ text_check_zero_product_images_product_images_count }}
					<br /><br />
					{{ text_check_zero_product_images_list }}
					<br /><strong>
					{% for image_zero in zero_images %}
						<br />{{ image_zero }}
					{% endfor %}
					</strong><br /><br />
					<form action="{{ clear_zero_product_images }}" method="post" enctype="multipart/form-data" id="form-clear-zero-product-images" style="display: none;">
						<input type="text" name="zero_data[product_images_zero]" value="{{ zero_product_images }}" hidden>
						<input type="text" name="zero_data[products_zero]" value="{{ zero_products }}" hidden>
					</form>
					<button type="button" data-toggle="tooltip" title="{{ text_clear_zero_product_images }}" class="btn btn-danger" onclick="confirm('{{ text_confirm_command }}') ? $('#form-clear-zero-product-images').submit() : false;">{{ text_clear_zero_product_images }}</button>
				{% endif %}
			]]></add>
		</operation>		
	</file>

	<file path="admin/controller/catalog/product.php">
		<!--<operation>
			<search><![CDATA[
				$data['heading_title'] = $this->language->get('heading_title');
			]]></search>
			<add position="after"><![CDATA[

				$data['text_check_missing_product_images'] = $this->language->get('text_check_missing_product_images');
				$data['text_clear_missing_product_images'] = $this->language->get('text_clear_missing_product_images');
			]]></add>
		</operation>-->
		<operation>
			<search><![CDATA[
				protected function getList() {
			]]></search>
			<add position="after"><![CDATA[
				if (isset($this->request->get['check_missing_product_images'])) {
					$missing_data = $this->model_catalog_product->getmissingImages();

					$images_count = count($missing_data['images']);
					$products_count = count($missing_data['products']);
					$product_images_count = count($missing_data['product_images']);

					if ( $images_count > 0 ) {
						$this->error['warning'] = $this->language->get('text_check_missing_product_images_warning');

						$data['text_check_missing_product_images_list'] = $this->language->get('text_check_missing_product_images_list');
						$data['text_check_missing_product_images_count'] = $this->language->get('text_check_missing_product_images_count') . $images_count;
						$data['text_check_missing_product_images_products_count'] = $this->language->get('text_check_missing_product_images_products_count') . $products_count;
						$data['text_check_missing_product_images_product_images_count'] = $this->language->get('text_check_missing_product_images_product_images_count') . $product_images_count;

						$data['missing_images'] = $missing_data['images'];
						$data['missing_products'] = urlencode(serialize($missing_data['products']));
						$data['missing_product_images'] = urlencode(serialize($missing_data['product_images']));
					} else {
						$this->session->data['success'] = $this->language->get('text_check_missing_product_images_success');
					}
				}

				if (isset($this->request->get['check_zero_product_images'])) {
					$zero_data = $this->model_catalog_product->getZeroImages();

					$images_zero_count = count($zero_data['images_zero']);
					$products_zero_count = count($zero_data['products_zero']);
					$product_images_zero_count = count($zero_data['product_images_zero']);

					if ( $images_zero_count > 0 ) {
						$this->error['warning'] = $this->language->get('text_check_zero_product_images_warning');

						$data['text_check_zero_product_images_list'] = $this->language->get('text_check_zero_product_images_list');
						$data['text_check_zero_product_images_count'] = $this->language->get('text_check_zero_product_images_count') . $images_zero_count;
						$data['text_check_zero_product_images_products_count'] = $this->language->get('text_check_zero_product_images_products_count') . $products_zero_count;
						$data['text_check_zero_product_images_product_images_count'] = $this->language->get('text_check_zero_product_images_product_images_count') . $product_images_zero_count;

						$data['zero_images'] = $zero_data['images_zero'];
						$data['zero_products'] = urlencode(serialize($zero_data['products_zero']));
						$data['zero_product_images'] = urlencode(serialize($zero_data['product_images_zero']));
					} else {
						$this->session->data['success'] = $this->language->get('text_check_zero_product_images_success');
					}
				}


				if (isset($this->request->get['clear_missing_product_images']) && isset($this->request->post['missing_data'])) {
					$missing_products = unserialize(urldecode($this->request->post['missing_data']['products']));
					$missing_product_images = null;

					if (isset($this->request->post['missing_data']['product_images'])) {
						$missing_product_images = unserialize(urldecode($this->request->post['missing_data']['product_images']));
					}

					$result = $this->model_catalog_product->clearMissingImages($missing_products, $missing_product_images);

					if ( $result ) {
						$this->session->data['success'] = $this->language->get('text_clear_missing_product_images_success');
					} else {
						$this->error['warning'] = $this->language->get('text_clear_missing_product_images_warning');
					}
				}

				if (isset($this->request->get['clear_zero_product_images']) && isset($this->request->post['zero_data'])) {
					$zero_products = unserialize(urldecode($this->request->post['zero_data']['products_zero']));
					$zero_product_images = null;

					if (isset($this->request->post['zero_data']['product_images_zero'])) {
						$zero_product_images = unserialize(urldecode($this->request->post['zero_data']['product_images_zero']));
					}

					$result = $this->model_catalog_product->clearZeroImages($zero_products, $zero_product_images);

					if ( $result ) {
						$this->session->data['success'] = $this->language->get('text_clear_zero_product_images_success');
					} else {
						$this->error['warning'] = $this->language->get('text_clear_zero_product_images_warning');
					}
				}

				$data['check_missing_product_images'] = $this->url->link('catalog/product', 'user_token=' . $this->session->data['user_token'] . '&check_missing_product_images=1', 'SSL');
				$data['check_zero_product_images'] = $this->url->link('catalog/product', 'user_token=' . $this->session->data['user_token'] . '&check_zero_product_images=1', 'SSL');
				$data['clear_missing_product_images'] = $this->url->link('catalog/product', 'user_token=' . $this->session->data['user_token'] . '&clear_missing_product_images=1', 'SSL');
				$data['clear_zero_product_images'] = $this->url->link('catalog/product', 'user_token=' . $this->session->data['user_token'] . '&clear_zero_product_images=1', 'SSL');

			]]></add>
		</operation>		
	</file>

	<file path="admin/language/ru-ru/catalog/product.php">
		<operation>
			<search><![CDATA[
				// Text
			]]></search>
			<add position="after"><![CDATA[
				
				$_['text_check_missing_product_images'] = 'Пропавшие изображения';
				$_['text_check_missing_product_images_warning'] = 'Обнаружены пропавшие изображения!';
				$_['text_check_missing_product_images_list'] = 'ССылки на пропавшие изображения товаров: ';
				$_['text_check_missing_product_images_success'] = 'Все изображения в порядке!';
				$_['text_check_missing_product_images_count'] = 'Общее количество проверенных изображений: ';
				$_['text_check_missing_product_images_products_count'] = 'Количество затронутых товаров: ';
				$_['text_check_missing_product_images_product_images_count'] = 'Количество затронутых главных изображений товаров: ';
				$_['text_clear_missing_product_images'] = 'Очистить пропавшие изображения';
				$_['text_clear_missing_product_images_success'] = 'Ссылки на пропавшие изображения удалены!';
				$_['text_clear_missing_product_images_warning'] = 'Ошибка при выполнении запроса...';				

				$_['text_check_zero_product_images'] = 'Нулевые изображения';
				$_['text_check_zero_product_images_warning'] = 'Обнаружены изображения с размером 0кб !';
				$_['text_check_zero_product_images_list'] = 'Ссылки на изображения товаров с 0кб: ';
				$_['text_check_zero_product_images_success'] = 'Все изображения в порядке!';
				$_['text_check_zero_product_images_count'] = 'Общее количество изображений: ';
				$_['text_check_zero_product_images_products_count'] = 'Количество затронутых товаров: ';
				$_['text_check_zero_product_images_product_images_count'] = 'Количество затронутых изображений товаров: ';
				$_['text_clear_zero_product_images'] = 'Очистить нулевые изображения';
				$_['text_clear_zero_product_images_success'] = 'Нулевые ссылки на изображения удалены!';
				$_['text_clear_zero_product_images_warning'] = 'Ошибка при выполнении запроса...';	

				$_['text_confirm_command'] = 'Вы точно хотите открепить изображение от товара?';			
			]]></add>
		</operation>
	</file>

	<file path="admin/language/en-gb/catalog/product.php">
		<operation>
			<search><![CDATA[
				// Text 
			]]></search>
			<add position="after"><![CDATA[
				
				$_['text_check_missing_product_images'] = 'Missing image';
				$_['text_check_missing_product_images_warning'] = 'Discovered missing image!';
				$_['text_check_missing_product_images_list'] = 'Links to missing images: ';
				$_['text_check_missing_product_images_success'] = 'All the images in order!';
				$_['text_check_missing_product_images_count'] = 'Total images count: ';
				$_['text_check_missing_product_images_products_count'] = 'Total product count: ';
				$_['text_check_missing_product_images_product_images_count'] = 'Total main product image count: ';
				$_['text_clear_missing_product_images'] = 'To clean up the missing image';
				$_['text_clear_missing_product_images_success'] = 'Links to the missing image removed!';
				$_['text_clear_missing_product_images_warning'] = 'Error executing query...';				

				$_['text_check_zero_product_images'] = 'Zero image';
				$_['text_check_zero_product_images_warning'] = 'Modification found zero image sizes !';
				$_['text_check_zero_product_images_list'] = 'Links to images with 0kb: ';
				$_['text_check_zero_product_images_success'] = 'All the images in order!';
				$_['text_check_zero_product_images_count'] = 'Total images count: ';
				$_['text_check_zero_product_images_products_count'] = 'Total product count: ';
				$_['text_check_zero_product_images_product_images_count'] = 'Total main product image count: ';
				$_['text_clear_zero_product_images'] = 'To clear the zero image';
				$_['text_clear_zero_product_images_success'] = 'Zero image removed!';
				$_['text_clear_zero_product_images_warning'] = 'Error executing query...';	

				$_['text_confirm_command'] = 'Are you sure to detach the image from the product?';
			]]></add>
		</operation>
	</file>
	

</modification>